period,m1
baseline,-0.24452934452854203
followup,-1.0601131094387428
