period,t_m2,e_m2
start,-0.6469651898490372,-1.1325799084846635
followup,-0.12015258856949497,-0.8856794703331453
