period,m1
start,-0.6469651898490372
followup,-0.12015258856949497
